Source Name,Project code,Project Name,Projects
TG2151_PRJ_HSE_Stats_Report V4_00_Updated.xlsx,TG2151,Refurbishment of underground car parking,TG2151_Refurbishment of underground car parking
TG2133 & TG2136_Mina Island Villa Project HSE Monthly report.xlsx,TG2133&2136,Mina Island Villa Projects,TG2133&2136_Mina Island Villa Projects
I052_PRJ_HSE_Stats_Report V4_00_Updated.xlsx,I052,Baniyas North Phase 2,I052_Baniyas North Phase 2
TG 2144- MONTHLY STATISTICS REPORT -JANUARY 2026.xlsx,TG2144,CONSTRUCTION OF TOWNHOUSES & SD VILLAS-PHASE 1B & 1C,TG2144_CONSTRUCTION OF TOWNHOUSES & SD VILLAS-PHASE 1B & 1C
TG2153_HSE_Stats_Report_January 2026.xlsx,TG2153,EPC FOR FUEL FACILITIES AT ZIA ,TG2153_EPC FOR FUEL FACILITIES AT ZIA 
TG2150 -CMW -HSE-Stats-Report -JAN 2026.xlsx,TG2150,Command of Military Works,TG2150_Command of Military Works
DIRD-NPC MONTHLY REPORT-JAN 2026.xlsx,I062,DAS ISLAND RESIDENTIAL DEVELOPMENT PROJECT (DIRD),I062_DAS ISLAND RESIDENTIAL DEVELOPMENT PROJECT (DIRD)
I053_PRJ_HSE_Stats_Report V4_00_Updated JANUARY.xlsx,I053,Hudayriyat Island Priority Development Area,I053_Hudayriyat Island Priority Development Area
TG2145_AL Deem_HSE_Stats_Report V4_00_Updated.xlsx,TG2145,AL Deem Development,TG2145_AL Deem Development
TG2103_PRJ_HSE_Stats_Report V4_00_Updated.xlsx,TG2103,SB-03 Luxury Residential Development Project,TG2103_SB-03 Luxury Residential Development Project
TG-2164_Maysan Development Phase 1_HSE_Stats_Report V4_00_Updated.xlsx,TG2164,Maysan Development Phase 1,TG2164_Maysan Development Phase 1
TG2121_PRJ_HSE_Stats_Report V4_00_Updated.xlsx,TG2121,Emirati housing - Al Samha 242 villas and service facilities ,TG2121_Emirati housing - Al Samha 242 villas and service facilities 
Monthly HSE Statistics Report GAD - TG2097 - January 2026.xlsx,TG2097,Guggenheim Abu Dhabi Main Works,TG2097_Guggenheim Abu Dhabi Main Works
I045_ RCN-Phase 6_HSE_Stats_Report V4_00_Updated.xlsx,I045,Riyadh city north development phase 6,I045_Riyadh city north development phase 6
S013_CITY WALK PROJECT_HSE_Stats_JAN-26-Report V4_00_Updated.xlsx,S013,City walk ,S013_City walk 
TG2134_BNYW_HSE_Stats_JAN_26_TGC_Report.xlsx,TG2134,Baniyas West,TG2134_Baniyas West
I067_BNW_HSE_Stats_Report_NPC_JAN_26.xlsx,I067,Baniyas West,I067_Baniyas West
TG2140_PRJ_HSE_Stats_Report V4_00_Updated.xlsx,TG2140,Construction Of Mainland Villas 218No's,TG2140_Construction Of Mainland Villas 218No's
I071_PRJ_HSE_Stats_Report V4_00_Updated.xlsx,I071,Contract No. P2411-BUILD CONTRACT FOR JBL 5,I071_Contract No. P2411-BUILD CONTRACT FOR JBL 5
TG2163_P22 Hexagon January_HSE_Stats_Report V4_00_Updated.xlsx,TG2163,P22-Heptagon Project,TG2163_P22-Heptagon Project
TG2130_Velodrome_HSE_Stats_Report V4_January 2026.xlsx,TG2130,AL HUDAYRIYAT WEST VELODROME,TG2130_AL HUDAYRIYAT WEST VELODROME
279_PRJ_HSE_Stats_Report V4_00_Updated For the Month of January 2026.xlsx,A04,"KAFD A.04, D&B parcels","A04_KAFD A.04, D&B parcels"
TG2114_BNDP2_PRJCODE_PRJ_HSE_Stats_Report V4_00_Updated_JAN2026.xlsx,TG2114,BANIYAS NORTH DEVELOPMENT PHSE-2,TG2114_BANIYAS NORTH DEVELOPMENT PHSE-2
I055_PRJ_HSE_Stats_Report V4_00_Updated.xlsx,I055,Hudayriyat West Infrastructure Phase 01,I055_Hudayriyat West Infrastructure Phase 01
TG2143_PRJ_HSE_Stats_Report V4_00_Updated.xlsx,TG2143,Sport Hotel -Main Works ,TG2143_Sport Hotel -Main Works 
I057 PRJCODE_PRJ_HSE_Stats_Report V4_00_Updated.xlsx,I057,Reem Hills-Phase 1,I057_Reem Hills-Phase 1
I046 PRJCODE_PRJ_HSE_Stats_Report V4_00_Updated (I046 Reem Island).xlsx,I046,Infrastrcture Work for package IIA & IIB,I046_Infrastrcture Work for package IIA & IIB
I072 Phase 2 PRJCODE_PRJ_HSE_Stats_Report V4_00_Updated.xlsx,I072,RHINF2 – Reem Hills Development ,I072_RHINF2 – Reem Hills Development 
I058_PRJ_HSE_Stats_Report V4_00_Updated.xlsx,I058,Design & Build ( Contract P2216 :ETIHAD RAIL STAGE 4 PROJECT MBZ & EXPO Link ),I058_Design & Build ( Contract P2216 :ETIHAD RAIL STAGE 4 PROJECT MBZ & EXPO Link )
TG2138_DIRD - HSE Statitics Report - Jan - 2026.xlsx,TG2138,DAS Island Residetial Development Project ,TG2138_DAS Island Residetial Development Project 
TG2141_Construction of Mina Gathering Project HSE Monthly report.xlsx,TG2141,Design and Build for Mina Gathering Village in Abu Dhabi,TG2141_Design and Build for Mina Gathering Village in Abu Dhabi
TG2132_PRJ_HSE_Stats_Report V4_00_JAN-26..xlsx,TG2132,"Abu Dhabi Future School (ADFS) Program, Phase 10","TG2132_Abu Dhabi Future School (ADFS) Program, Phase 10"
I063_PRJ_HSE_Stats_Report V4_00_Updated.xlsx,I063,AL SAMHA 242 VILLAS,I063_AL SAMHA 242 VILLAS
TG2149B_PRJ_HSE_Stats January'26.xlsx,TG2149B,Zayed Military University – Final Operating Capability (FOC),TG2149B_Zayed Military University – Final Operating Capability (FOC)
TG2162_PRJ_HSE_Stats_Report V4_00_Updated.xlsx,TG2162,Construction Of North & South Villas 32 No's,TG2162_Construction Of North & South Villas 32 No's
PRJCODE_PRJ_HSE_Stats_Report V4_00_Updated - MSHC Jan 26.xlsx,MSHC,"MotorSport Hotel Complex (MSHC) - Qiddiya, Saudi Arabia","MSHC_MotorSport Hotel Complex (MSHC) - Qiddiya, Saudi Arabia"
I064_PRJ_HSE_Stats_Report V4_00_Updated - E20.xlsx,I064,Traffic improvement on E20 and Construction of 2 Bridges (IC3 and IC5),I064_Traffic improvement on E20 and Construction of 2 Bridges (IC3 and IC5)
TG2156_PRJ_HSE_Stats_Report V4_00_Updated Jan 26.xlsx,TG2156,Construction Of Mainland Villas & TownHouses 593No's,TG2156_Construction Of Mainland Villas & TownHouses 593No's
TG2128_PRJ_HSE_Stats_Report V4_00_Updated .xlsx,TG2128,HQ Building Sas Al nakhl ,TG2128_HQ Building Sas Al nakhl 
I066_Al Deem Development _HSE_Stats_Report V4_00_Updated - Jan 26.xlsx,I066,Al Deem Development ,I066_Al Deem Development 
I059_Al Falah HSE_Stats_Report V4_00_Updated.xlsx,I059,Al Falah Infrastructure Works,I059_Al Falah Infrastructure Works
TG2146 _Saadiyat Lagoons_HSE_Stats_Report V4_00_Jan-2026.xlsx,TG2146,Saadiyat Lagoons,TG2146_Saadiyat Lagoons
I073_PRJ_HSE_Stats_Report V4_00_Updated JANUARY copy.xlsx,I073,Zaid Military university project (ZMU),I073_Zaid Military university project (ZMU)
A.11_KAFD.Grand Amphitheatre Car Park_HSE_Stats_Report V4_00_Updated.xlsx,A-11,Grand Amphitheatre Car Park,A-11_Grand Amphitheatre Car Park
I049_PRJ_HSE_Stats_Report V4.xlsx,I049,Construction of Essential Infrastructure Works Reem Island,I049_Construction of Essential Infrastructure Works Reem Island
TG2152_HSE_Stats_Report V4_00 January 2026.xlsx,TG2152,WATER EDGE PHASE 2- YAS_IB 2 GARDENIA ,TG2152_WATER EDGE PHASE 2- YAS_IB 2 GARDENIA 
I065 NPC_Saadiyat Lagoons_HSE_Stats_Report V4_00_Jan-2026.xlsx,I065,Saadiyat Lagoons,I065_Saadiyat Lagoons
TG-2164_Maysan Development Phase 1_HSE_Stats_Report V4_00_Updated_Feb.xlsx,TG2164,Maysan Development Phase 1,TG2164_Maysan Development Phase 1
TG2163_P22 Hexagon February_HSE_Stats_Report Rev.1_Feb.xlsx,TG2163,P22-Heptagon Project,TG2163_P22-Heptagon Project
TG2156_PRJ_HSE_Stats_Report V4_00_Updated Feb 26.xlsx,TG2156,Construction Of Mainland Villas & TownHouses 593No's,TG2156_Construction Of Mainland Villas & TownHouses 593No's
TG2151_PRJ_HSE_Stats_Report V4_00_Updated_Feb.xlsx,TG2151,Refurbishment of underground car parking,TG2151_Refurbishment of underground car parking
TG2149B_PRJ_HSE_Stats Feb.xlsx,TG2149B,Zayed Military University – Final Operating Capability (FOC),TG2149B_Zayed Military University – Final Operating Capability (FOC)
TG2146 _Saadiyat Lagoons_HSE_Stats_Report V4_00_Feb.xlsx,TG2146,Saadiyat Lagoons,TG2146_Saadiyat Lagoons
TG2145_AL Deem_HSE_Stats_Report V4_00_Updated Feb26.xlsx,TG2145,AL Deem Development,TG2145_AL Deem Development
TG2143_PRJ_HSE_Stats_Report V4_00_Updated_Feb.xlsx,TG2143,Sport Hotel -Main Works ,TG2143_Sport Hotel -Main Works 
TG2141_Construction of Mina Gathering Project HSE Monthly report_Feb.xlsx,TG2141,Design and Build for Mina Gathering Village in Abu Dhabi,TG2141_Design and Build for Mina Gathering Village in Abu Dhabi
TG2138_DIRD - HSE Statitics Report_Feb .xlsx,TG2138,DAS Island Residetial Development Project ,TG2138_DAS Island Residetial Development Project 
TG2134_BNYW_HSE_Stats_FEB_26_TGC_Report_Feb.xlsx,TG2134,Baniyas West,TG2134_Baniyas West
TG2133 & TG2136_Mina Island Villa Project_Report_Feb.xlsx,TG2133&2136,Mina Island Villa Projects,TG2133&2136_Mina Island Villa Projects
TG2132B monthly report_Feb.xlsx,TG2132,"Abu Dhabi Future School (ADFS) Program, Phase 10","TG2132_Abu Dhabi Future School (ADFS) Program, Phase 10"
TG2130_Velodrome_HSE_Stats_Report V4_Feb.xlsx,TG2130,AL HUDAYRIYAT WEST VELODROME,TG2130_AL HUDAYRIYAT WEST VELODROME
TG2128_PRJ_HSE_Stats_Report V4_00_Updated_Feb.xlsx,TG2128,HQ Building Sas Al nakhl ,TG2128_HQ Building Sas Al nakhl 
TG2121_PRJ_HSE_Stats_Report V4_00_Updated_Feb.xlsx,TG2121,Emirati housing - Al Samha 242 villas and service facilities ,TG2121_Emirati housing - Al Samha 242 villas and service facilities 
TG2114_BNDP2_PRJCODE_PRJ_HSE_Stats_Report V4_00_Updated_FEB2026.xlsx,TG2114,BANIYAS NORTH DEVELOPMENT PHSE-2,TG2114_BANIYAS NORTH DEVELOPMENT PHSE-2
TG2103_PRJ_HSE_Stats_Report V4_00_Updated_Feb.xlsx,TG2103,SB-03 Luxury Residential Development Project,TG2103_SB-03 Luxury Residential Development Project
TG2097_Monthly HSE Statistics Report GAD_Feb.xlsx,TG2097,Guggenheim Abu Dhabi Main Works,TG2097_Guggenheim Abu Dhabi Main Works
MSHC_PRJ_HSE_Stats_Report V4_00_Updated_Feb.xlsx,MSHC,"MotorSport Hotel Complex (MSHC) - Qiddiya, Saudi Arabia","MSHC_MotorSport Hotel Complex (MSHC) - Qiddiya, Saudi Arabia"
KAFD_PRJ_HSE_Stats_Report V4_00_Updated_Feb..xlsx,A04,"KAFD A.04, D&B parcels","A04_KAFD A.04, D&B parcels"
I073_PRJ_HSE_Stats_Report V4_00_Updated_Feb.xlsx,I073,Zaid Military university project (ZMU),I073_Zaid Military university project (ZMU)
I067_BNW_HSE_Stats_Report_NPC_FEB.xlsx,I067,Baniyas West,I067_Baniyas West
I066_Al Deem Development _HSE_Stats_Report V4_00_Updated_Feb.xlsx,I066,Al Deem Development ,I066_Al Deem Development 
I065 NPC_Saadiyat Lagoons_HSE_Stats_Report V4_00_Feb-2026.xlsx,I065,Saadiyat Lagoons,I065_Saadiyat Lagoons
I063_PRJ_HSE_Stats_Report V4_00_Updated_Feb.xlsx,I063,AL SAMHA 242 VILLAS,I063_AL SAMHA 242 VILLAS
I062_DIRD-NPC MONTHLY REPORT_Feb.xlsx,I062,DAS ISLAND RESIDENTIAL DEVELOPMENT PROJECT (DIRD),I062_DAS ISLAND RESIDENTIAL DEVELOPMENT PROJECT (DIRD)
I058_MBZEXPO_HSE_Stats_Report V4_00_Updated - Feb 26.xlsx,I058,Design & Build ( Contract P2216 :ETIHAD RAIL STAGE 4 PROJECT MBZ & EXPO Link ),I058_Design & Build ( Contract P2216 :ETIHAD RAIL STAGE 4 PROJECT MBZ & EXPO Link )
I055_PRJ_HSE_Stats_Report V4_00_Updated_Feb.xlsx,I055,Hudayriyat West Infrastructure Phase 01,I055_Hudayriyat West Infrastructure Phase 01
I053_PRJ_HSE_Stats_Report V4_00_Feb.xlsx,I053,Hudayriyat Island Priority Development Area,I053_Hudayriyat Island Priority Development Area
I052_PRJ_HSE_Stats_Report V4_00_Updated_Feb.xlsx,I052,Baniyas North Phase 2,I052_Baniyas North Phase 2
I045_RCN-Phase 6_HSE_Stats_Report V4_00_Updated_Feb.xlsx,I045,Riyadh city north development phase 6,I045_Riyadh city north development phase 6
A.11_KAFD.Grand Amphitheatre Car Park_HSE_Stats_Report V4_00_Updated_Feb.xlsx,A-11,Grand Amphitheatre Car Park,A-11_Grand Amphitheatre Car Park
I046 PRJCODE_PRJ_HSE_Stats_Report V4_Feb.xlsx,I046,Infrastrcture Work for package IIA & IIB,I046_Infrastrcture Work for package IIA & IIB
I049 PRJCODE_PRJ_HSE_Stats_Report V4_00_Feb.xlsx,I049,Construction of Essential Infrastructure Works Reem Island,I049_Construction of Essential Infrastructure Works Reem Island
I072 Phase 2_PRJ_HSE_Stats_Report V4_Feb.xlsx,I072,RHINF2 – Reem Hills Development ,I072_RHINF2 – Reem Hills Development 
I057 PRJCODE_PRJ_HSE_Stats_Report_Feb.xlsx,I057,Reem Hills-Phase 1,I057_Reem Hills-Phase 1
TG2153_HSE_Stats_Report_Feb.xlsx,TG2153,EPC FOR FUEL FACILITIES AT ZIA ,TG2153_EPC FOR FUEL FACILITIES AT ZIA 
TG2152_Stats_Report V4_00 Feb.xlsx,TG2152,WATER EDGE PHASE 2- YAS_IB 2 GARDENIA ,TG2152_WATER EDGE PHASE 2- YAS_IB 2 GARDENIA 
I064_PRJ_HSE_Stats_Report V4_E20_Feb.xlsx,I064,Traffic improvement on E20 and Construction of 2 Bridges (IC3 and IC5),I064_Traffic improvement on E20 and Construction of 2 Bridges (IC3 and IC5)
TG2140_HSE_Stats_Report V4_Feb.xlsx,TG2140,Construction Of Mainland Villas 218No's,TG2140_Construction Of Mainland Villas 218No's
S013_CITY WALK PROJECT_HSE_Stats_Feb.xlsx,S013,City walk ,S013_City walk 
I071_PRJ_HSE_Stats_Report V4_00_Updated_Feb.xlsx,I071,Contract No. P2411-BUILD CONTRACT FOR JBL 5,I071_Contract No. P2411-BUILD CONTRACT FOR JBL 5
TG 2144- MONTHLY STATISTICS REPORT_Feb.xlsx,TG2144,CONSTRUCTION OF TOWNHOUSES & SD VILLAS-PHASE 1B & 1C,TG2144_CONSTRUCTION OF TOWNHOUSES & SD VILLAS-PHASE 1B & 1C
TG2150 -CMW -HSE-Stats-Report_Feb.xlsx,TG2150,Command of Military Works,TG2150_Command of Military Works
I059_Al Falah HSE_Stats_Report V4_00_Updated_Feb.xlsx,I059,Al Falah Infrastructure Works,I059_Al Falah Infrastructure Works
TEW1007_Masdar Hybrid 1(Power China)_HSE_Stats_Report_Feb.xlsx,TEW1007,Masdar Hybrid 1(Power China),TEW1007_Masdar Hybrid 1(Power China)
A.11_KAFD.Grand Amphitheatre Car Park_HSE_Mar.xlsx,A-11,Grand Amphitheatre Car Park,A-11_Grand Amphitheatre Car Park
A04 KAFD_PRJ_HSE_Stats_Report V4_Rev_Mar.xlsx,A04,"KAFD A.04, D&B parcels","A04_KAFD A.04, D&B parcels"
I045_ RCN-Phase 6_HSE_Stats_Report_Mar.xlsx,I045,Riyadh city north development phase 6,I045_Riyadh city north development phase 6
I046 PRJCODE_PRJ_HSE_Stats_Report V4_Mar.xlsx,I046,Infrastrcture Work for package IIA & IIB,I046_Infrastrcture Work for package IIA & IIB
I049 PRJCODE_PRJ_HSE_Stats_Report V4_Mar.xlsx,I049,Construction of Essential Infrastructure Works Reem Island,I049_Construction of Essential Infrastructure Works Reem Island
I052 Baniyas North Phase 2_Mar.xlsx,I052,Baniyas North Phase 2,I052_Baniyas North Phase 2
I053_PRJ_HSE_Stats_Report V4_Mar.xlsx,I053,Hudayriyat Island Priority Development Area,I053_Hudayriyat Island Priority Development Area
I057 PRJCODE_PRJ_HSE_Stats_Report_Mar.xlsx,I057,Reem Hills-Phase 1,I057_Reem Hills-Phase 1
I058_MBZEXPO_HSE_Stats_Report_Mar.xlsx,I058,Design & Build ( Contract P2216 :ETIHAD RAIL STAGE 4 PROJECT MBZ & EXPO Link ),I058_Design & Build ( Contract P2216 :ETIHAD RAIL STAGE 4 PROJECT MBZ & EXPO Link )
I059_Al Falah HSE_Stats_Report V4_Mar.xlsx,I059,Al Falah Infrastructure Works,I059_Al Falah Infrastructure Works
I062_DIRD-NPC MONTHLY REPORT_Mar.xlsx,I062,DAS ISLAND RESIDENTIAL DEVELOPMENT PROJECT (DIRD),I062_DAS ISLAND RESIDENTIAL DEVELOPMENT PROJECT (DIRD)
I063_PRJ_HSE_Stats_Report V4_Mar.xlsx,I063,AL SAMHA 242 VILLAS,I063_AL SAMHA 242 VILLAS
I064_PRJ_HSE_Stats_Report V4_00_Updated E20_Mar.xlsx,I064,Traffic improvement on E20 and Construction of 2 Bridges (IC3 and IC5),I064_Traffic improvement on E20 and Construction of 2 Bridges (IC3 and IC5)
I065 NPC_Saadiyat Lagoons_HSE_Stats_Report_Mar.xlsx,I065,Saadiyat Lagoons,I065_Saadiyat Lagoons
I066_Al Deem Development _HSE_Stats_Report V4_00_Updated_Mar.xlsx,I066,Al Deem Development ,I066_Al Deem Development 
I067_BNW_HSE_Stats_Report_NPC_Mar.xlsx,I067,Baniyas West,I067_Baniyas West
I071_PRJ_HSE_Stats_Report V4_Rev_Mar.xlsx,I071,Contract No. P2411-BUILD CONTRACT FOR JBL 5,I071_Contract No. P2411-BUILD CONTRACT FOR JBL 5
I072 Phase 2 PRJCODE_PRJ_HSE_Stats_Report_Mar.xlsx,I072,RHINF2 – Reem Hills Development ,I072_RHINF2 – Reem Hills Development 
I073_PRJ_HSE_Stats_Report V4_Mar.xlsx,I073,Zaid Military university project (ZMU),I073_Zaid Military university project (ZMU)
MSHC_PRJ_HSE_Stats_Report_Mar.xlsx,MSHC,"MotorSport Hotel Complex (MSHC) - Qiddiya, Saudi Arabia","MSHC_MotorSport Hotel Complex (MSHC) - Qiddiya, Saudi Arabia"
S013_CITY WALK PROJECT_HSE_Stats Mar.xlsx,S013,City walk ,S013_City walk 
TEW1007_Masdar Hybrid 1(Power China)_HSE_Stats_Mar.xlsx,TEW1007,Masdar Hybrid 1(Power China),TEW1007_Masdar Hybrid 1(Power China)
TG2097_Monthly HSE Statistics Report GAD_Mar.xlsx,TG2097,Guggenheim Abu Dhabi Main Works,TG2097_Guggenheim Abu Dhabi Main Works
TG2103_PRJ_HSE_Stats_Report V4_00_Mar.xlsx,TG2103,SB-03 Luxury Residential Development Project,TG2103_SB-03 Luxury Residential Development Project
TG2114_BNDP2_HSE_Stats_Report V4_Rev_Mar.xlsx,TG2114,BANIYAS NORTH DEVELOPMENT PHSE-2,TG2114_BANIYAS NORTH DEVELOPMENT PHSE-2
TG2121_PRJ_HSE_Stats_Report V4_Mar.xlsx,TG2121,Emirati housing - Al Samha 242 villas and service facilities ,TG2121_Emirati housing - Al Samha 242 villas and service facilities 
TG2128_PRJ_HSE_Stats_Report_Rev_Mar.xlsx,TG2128,HQ Building Sas Al nakhl ,TG2128_HQ Building Sas Al nakhl 
TG2130_Velodrome_HSE_Stats_Report_Rev_Mar.xlsx,TG2130,AL HUDAYRIYAT WEST VELODROME,TG2130_AL HUDAYRIYAT WEST VELODROME
"TG2132 A,B,C monthly report-Mar.xlsx",TG2132,"Abu Dhabi Future School (ADFS) Program, Phase 10","TG2132_Abu Dhabi Future School (ADFS) Program, Phase 10"
TG2133 & TG2136_Mina Island Villa_Rev_Mar.xlsx,TG2133&2136,Mina Island Villa Projects,TG2133&2136_Mina Island Villa Projects
TG2134_BNYW_HSE_Stats_Report_Mar.xlsx,TG2134,Baniyas West,TG2134_Baniyas West
TG2138_DIRD HSE Statistics Report_Mar.xlsx,TG2138,DAS Island Residetial Development Project ,TG2138_DAS Island Residetial Development Project 
TG2140_PRJ_HSE_Stats_Report V4_Rev_Mar.xlsx,TG2140,Construction Of Mainland Villas 218No's,TG2140_Construction Of Mainland Villas 218No's
TG2141_Construction of Mina Gathering_Mar.xlsx,TG2141,Design and Build for Mina Gathering Village in Abu Dhabi,TG2141_Design and Build for Mina Gathering Village in Abu Dhabi
TG2143_PRJ_HSE_Stats_Report V4_Mar.xlsx,TG2143,Sport Hotel -Main Works ,TG2143_Sport Hotel -Main Works 
TG2144_HSE Statistics Report_Rev_Mar.xlsx,TG2144,CONSTRUCTION OF TOWNHOUSES & SD VILLAS-PHASE 1B & 1C,TG2144_CONSTRUCTION OF TOWNHOUSES & SD VILLAS-PHASE 1B & 1C
TG2145_AL Deem_HSE_Stats_Report_Rev_Mar.xlsx,TG2145,AL Deem Development,TG2145_AL Deem Development
TG2146_Saadiyat Lagoons_HSE_Stats_Rev_Mar.xlsx,TG2146,Saadiyat Lagoons,TG2146_Saadiyat Lagoons
TG2149B_PRJ_HSE_Stats Mar.xlsx,TG2149B,Zayed Military University – Final Operating Capability (FOC),TG2149B_Zayed Military University – Final Operating Capability (FOC)
TG2151_PRJ_HSE_Stats_Report V4_Mar.xlsx,TG2151,Refurbishment of underground car parking,TG2151_Refurbishment of underground car parking
TG2152_HSE_Stats_Report V4_Rev_Mar.xlsx,TG2152,WATER EDGE PHASE 2- YAS_IB 2 GARDENIA ,TG2152_WATER EDGE PHASE 2- YAS_IB 2 GARDENIA 
TG2153_HSE_Stats_Report_Mar.xlsx,TG2153,EPC FOR FUEL FACILITIES AT ZIA ,TG2153_EPC FOR FUEL FACILITIES AT ZIA 
TG2156_PRJ_HSE_Stats_Report V4_00_Mar.xlsx,TG2156,Construction Of Mainland Villas & TownHouses 593No's,TG2156_Construction Of Mainland Villas & TownHouses 593No's
TG2162_PRJ_HSE_Stats_Report V4_Mar.xlsx,TG2162,Construction Of North & South Villas 32 No's,TG2162_Construction Of North & South Villas 32 No's
TG2163_P22 Hexagon March_HSE_Stats_Report V4_Mar.xlsx,TG2163,P22-Heptagon Project,TG2163_P22-Heptagon Project
TG2164_Maysan Development Phase 1_Mar.xlsx,TG2164,Maysan Development Phase 1,TG2164_Maysan Development Phase 1
TG2166_PRJ_HSE_Stats_Report V4_Mar.xlsx,TG2166,Zayed Military University – Final Operating Capability (FOC – 1B),TG2166_Zayed Military University – Final Operating Capability (FOC – 1B)
,TG2113,Mina Zayed Fisherman’s wharf Phase 1B – Main Works,TG2113_Mina Zayed Fisherman’s wharf Phase 1B – Main Works
,TG2131,Arabian Ranches 3 Development,TG2131_Arabian Ranches 3 Development
,TG2149,Zayed Military University (ZMU),TG2149_Zayed Military University (ZMU)
,P2216,P2216,P2216_P2216
,ZNM,ZNM,ZNM_ZNM
,TG2167,City Walk - Governmental Project Main Construction,TG2167_City Walk - Governmental Project Main Construction
,I069,UAE OMAN Railway Link Project Abu Dhabi-Sohar:Oman Section-1-Package B,I069_UAE OMAN Railway Link Project Abu Dhabi-Sohar:Oman Section-1-Package B
